{"cameraMode":{"drawMode":0,"name":"Shaded","section":"Shading Mode"},"sceneLighting":false,"audioPlay":false,"sceneViewState":{"showFog":true,"showMaterialUpdate":false,"showSkybox":false,"showFlares":true,"showImageEffects":true,"showParticleSystems":true},"in2DMode":false,"pivot":{"x":0.15193653106689454,"y":1.966869831085205,"z":-0.4430153965950012},"rotation":{"x":0.05233464762568474,"y":0.702431857585907,"z":-0.05195304751396179,"w":0.7079389691352844},"size":2.569612979888916,"orthographic":true}