{"cameraMode":{"drawMode":0,"name":"Shaded","section":"Shading Mode"},"sceneLighting":false,"audioPlay":false,"sceneViewState":{"showFog":true,"showMaterialUpdate":false,"showSkybox":false,"showFlares":true,"showImageEffects":true,"showParticleSystems":true},"in2DMode":false,"pivot":{"x":-90.53255462646485,"y":-1.7647877931594849,"z":-1.3922045230865479},"rotation":{"x":-0.3954732418060303,"y":0.43774762749671938,"z":-0.2230830192565918,"w":-0.7760245203971863},"size":2.341996669769287,"orthographic":false}