{"cameraMode":{"drawMode":0,"name":"Shaded","section":"Shading Mode"},"sceneLighting":false,"audioPlay":false,"sceneViewState":{"showFog":true,"showMaterialUpdate":false,"showSkybox":false,"showFlares":true,"showImageEffects":true,"showParticleSystems":true},"in2DMode":false,"pivot":{"x":-5.2348856925964359,"y":4.416034698486328,"z":-0.4552164077758789},"rotation":{"x":0.06014781817793846,"y":0.9229012727737427,"z":-0.16108942031860352,"w":0.3445412218570709},"size":10.35672378540039,"orthographic":false}