{"cameraMode":{"drawMode":0,"name":"Shaded","section":"Shading Mode"},"sceneLighting":false,"audioPlay":false,"sceneViewState":{"showFog":true,"showMaterialUpdate":false,"showSkybox":false,"showFlares":true,"showImageEffects":true,"showParticleSystems":true},"in2DMode":false,"pivot":{"x":-3.569999933242798,"y":3.2900004386901857,"z":8.710000038146973},"rotation":{"x":0.06014781817793846,"y":0.9229012727737427,"z":-0.16108942031860352,"w":0.3445412218570709},"size":2.459512233734131,"orthographic":false}